{
    "lighting": "none",
    "matrix": {
        "rows": 5,
        "cols": 14
    },
    "layouts": {
        "keymap":
[
  [
    "0,0",
    "0,1",
    "0,2",
    "0,3",
    "0,4",
    "0,5",
    "0,6",
    "0,7",
    "0,8",
    "0,9",
    "0,10",
    "0,11",
    "0,12",
    {
      "w2": 2
    },
    "0,13"
  ],
  [
    {
      "w2": 1.5
    },
    "1,0",
    {
      "x": 0.5
    },
    "1,1",
    "1,2",
    "1,3",
    "1,4",
    "1,5",
    "1,6",
    "1,7",
    "1,8",
    "1,9",
    "1,10",
    "1,11",
    "1,12",
    {
      "w2": 1.5
    },
    "1,13"
  ],
  [
    {
      "w2": 1.75
    },
    "2,0",
    {
      "x": 0.75
    },
    "2,1",
    "2,2",
    "2,3",
    "2,4",
    "2,5",
    "2,6",
    "2,7",
    "2,8",
    "2,9",
    "2,10",
    "2,11",
    {
      "w2": 2.25
    },
    "2,13"
  ],
  [
    {
      "w2": 2.25
    },
    "3,0",
    {
      "x": 1.25
    },
    "3,1",
    "3,2",
    "3,3",
    "3,4",
    "3,5",
    "3,6",
    "3,7",
    "3,8",
    "3,9",
    "3,10",
    {
      "w2": 2.75
    },
    "3,12"
  ],
  [
    {
      "w2": 1.25
    },
    "4,0",
    {
      "x": 0.25,
      "w2": 1.25
    },
    "4,1",
    {
      "x": 0.25,
      "w2": 1.25
    },
    "4,2",
    {
      "x": 0.25,
      "w2": 6.25
    },
    "4,5",
    {
      "x": 5.25,
      "w2": 1.25
    },
    "4,8",
    {
      "x": 0.25,
      "w2": 1.25
    },
    "4,9",
    {
      "x": 0.25,
      "w2": 1.25
    },
    "4,10",
    {
      "x": 0.25,
      "w2": 1.25
    },
    "4,12"
  ]
]
    }
}